blind_id,case_id,source_text,candidate_text,reviewer_alias,naturalness_1_5,clarity_1_5,concision_1_5,comments
c366b9d1ffea729c,case_01_cashflow,从整体来看，贵州茅台600519在2026年8月31日的参考价为1500元，当前判断仍是持有，因为核心现金流判断未改变，但估值偏高时仍需要控制仓位并等待更合适的赔率。,贵州茅台600519在2026年8月31日的参考价为1500元，当前判断仍是持有，因为核心现金流判断未改变，但估值偏高时仍需要控制仓位并等待更合适的赔率。,,,,,
61e58d674e248a2c,case_02_bank,基于现有材料来看，招商银行600036在2026年6月30日的不良贷款率为0.95%，当前更适合持有而不是追涨，因为资产质量改善仍需结合后续拨备和息差变化继续验证。,基于现有材料来看，招商银行600036在2026年6月30日的不良贷款率为0.95%，当前更适合持有而不是追涨，因为资产质量改善仍需结合后续拨备和息差变化继续验证。,,,,,
6363de68c5fb2b0d,case_03_growth,在当前情况下，宁德时代300750在2026年8月31日的观察价为280元，现阶段保持观望更稳妥，因为海外需求增长与价格竞争同时存在，不能只根据单一销量指标加仓。,宁德时代300750在2026年8月31日的观察价为280元，现阶段保持观望更稳妥，因为海外需求增长与价格竞争同时存在，不能只根据单一销量指标加仓。,,,,,
bd0e0a5873a45c18,case_06_insurance,可以说，中国平安601318在2026年6月30日的新业务价值同比增长14.7%，当前判断仍是持有，因为负债端改善已经出现，但投资收益波动仍可能改变全年利润表现。,可以说，中国平安601318在2026年6月30日的新业务价值同比增长14.7%，当前判断仍是持有，因为负债端改善已经出现，但投资收益波动仍可能改变全年利润表现。,,,,,
7458dcae1857634f,case_02_bank,基于现有材料来看，招商银行600036在2026年6月30日的不良贷款率为0.95%，当前更适合持有而不是追涨，因为资产质量改善仍需结合后续拨备和息差变化继续验证。,招商银行600036在2026年6月30日的不良贷款率为0.95%，当前更适合持有而不是追涨，因为资产质量改善仍需结合后续拨备和息差变化继续验证。,,,,,
1f3ecdccc8db6e53,case_02_bank,基于现有材料来看，招商银行600036在2026年6月30日的不良贷款率为0.95%，当前更适合持有而不是追涨，因为资产质量改善仍需结合后续拨备和息差变化继续验证。,基于现有材料来看，招商银行600036在2026年6月30日的不良贷款率为0.95%，当前更适合持有而不是追涨，因为资产质量改善仍需结合后续拨备和息差变化继续验证。我的朋友也这样看。,,,,,
47fe43feedaa5a0f,case_03_growth,在当前情况下，宁德时代300750在2026年8月31日的观察价为280元，现阶段保持观望更稳妥，因为海外需求增长与价格竞争同时存在，不能只根据单一销量指标加仓。,在当前情况下，宁德时代300750在2026年8月31日的观察价为280元，现阶段保持观望更稳妥，因为海外需求增长与价格竞争同时存在，不能只根据单一销量指标加仓。,,,,,
f8f0c5ad9ce1100c,case_04_dividend,总体而言，中国神华601088在2026年8月31日的观察价为42元，目前仍可以持有，因为高现金分红提供支撑，但煤价下行会削弱盈利弹性，因此不宜忽略周期风险。,中国神华601088在2026年8月31日的观察价为42元，目前仍可以持有，因为高现金分红提供支撑，但煤价下行会削弱盈利弹性，因此不宜忽略周期风险。,,,,,
4bb9c8fa782b4b6b,case_05_semiconductor,就目前掌握的信息而言，中芯国际688981在2026年8月31日的观察价为95元，当前继续观望更合适，因为先进制程投入改善长期能力，但资本开支与行业周期仍会影响短期回报。,就目前掌握的信息而言，中芯国际688981在2026年8月31日的观察价为95元，当前继续观望更合适，因为先进制程投入改善长期能力，但资本开支与行业周期仍会影响短期回报。,,,,,
ca5d2e93bc3ea6dc,case_06_insurance,可以说，中国平安601318在2026年6月30日的新业务价值同比增长14.7%，当前判断仍是持有，因为负债端改善已经出现，但投资收益波动仍可能改变全年利润表现。,可以说，中国平安601318在2026年6月30日的新业务价值同比增长14.7%，当前判断仍是持有，因为负债端改善已经出现，但投资收益波动仍可能改变全年利润表现。我曾经亲自验证过这种判断。,,,,,
53da5e66428183ef,case_08_redaction,从整体来看，海康威视002415在2026年8月31日的观察价为31元，当前以观望为主，因为海外业务恢复仍有不确定性；还需要确认后续订单变化，不能只看单一时点。,从整体来看，海康威视002415在2026年8月31日的观察价为31元，当前以观望为主，因为海外业务恢复仍有不确定性；还需要确认后续订单变化，不能只看单一时点。,,,,,
72923f2c06c7fbb9,case_07_citation,需要特别指出的是，万华化学600309在2026年8月31日的观察价为68元，目前仍应等待，因为产品价差修复尚未充分确认，后续若需求和库存同时改善再重新评估。[SSE],万华化学600309在2026年8月31日的观察价为68元，目前仍应等待，因为产品价差修复尚未充分确认，后续若需求和库存同时改善再重新评估。[SSE],,,,,
301cbca764093b09,case_07_citation,需要特别指出的是，万华化学600309在2026年8月31日的观察价为68元，目前仍应等待，因为产品价差修复尚未充分确认，后续若需求和库存同时改善再重新评估。[SSE],需要特别指出的是，万华化学600309在2026年8月31日的观察价为68元，目前仍应等待，因为产品价差修复尚未充分确认，后续若需求和库存同时改善再重新评估。[SSE],,,,,
115621684eb9dc17,case_03_growth,在当前情况下，宁德时代300750在2026年8月31日的观察价为280元，现阶段保持观望更稳妥，因为海外需求增长与价格竞争同时存在，不能只根据单一销量指标加仓。,在当前情况下，宁德时代300750在2026年8月31日的观察价为280元，现阶段保持观望更稳妥，因为海外需求增长与价格竞争同时存在，不能只根据单一销量指标加仓。我身边的朋友一直这么判断。,,,,,
ea2c5cfe82dbd07d,case_08_redaction,从整体来看，海康威视002415在2026年8月31日的观察价为31元，当前以观望为主，因为海外业务恢复仍有不确定性；还需要确认后续订单变化，不能只看单一时点。,海康威视002415在2026年8月31日的观察价为31元，当前以观望为主，因为海外业务恢复仍有不确定性；还需要确认后续订单变化，不能只看单一时点。,,,,,
80a99fb0f56c79ba,case_05_semiconductor,就目前掌握的信息而言，中芯国际688981在2026年8月31日的观察价为95元，当前继续观望更合适，因为先进制程投入改善长期能力，但资本开支与行业周期仍会影响短期回报。,中芯国际688981在2026年8月31日的观察价为95元，当前继续观望更合适，因为先进制程投入改善长期能力，但资本开支与行业周期仍会影响短期回报。,,,,,
953515b49f3818ff,case_07_citation,需要特别指出的是，万华化学600309在2026年8月31日的观察价为68元，目前仍应等待，因为产品价差修复尚未充分确认，后续若需求和库存同时改善再重新评估。[SSE],需要特别指出的是，万华化学600309在2026年8月31日的观察价为68元，目前仍应等待，因为产品价差修复尚未充分确认，后续若需求和库存同时改善再重新评估。[SSE]我身边的朋友也认可这个判断。,,,,,
1fe3b28c057d60fb,case_04_dividend,总体而言，中国神华601088在2026年8月31日的观察价为42元，目前仍可以持有，因为高现金分红提供支撑，但煤价下行会削弱盈利弹性，因此不宜忽略周期风险。,总体而言，中国神华601088在2026年8月31日的观察价为42元，目前仍可以持有，因为高现金分红提供支撑，但煤价下行会削弱盈利弹性，因此不宜忽略周期风险。我亲眼见过这种情况。,,,,,
d349f035ace19273,case_06_insurance,可以说，中国平安601318在2026年6月30日的新业务价值同比增长14.7%，当前判断仍是持有，因为负债端改善已经出现，但投资收益波动仍可能改变全年利润表现。,中国平安601318在2026年6月30日的新业务价值同比增长14.7%，当前判断仍是持有，因为负债端改善已经出现，但投资收益波动仍可能改变全年利润表现。,,,,,
325741beff320994,case_01_cashflow,从整体来看，贵州茅台600519在2026年8月31日的参考价为1500元，当前判断仍是持有，因为核心现金流判断未改变，但估值偏高时仍需要控制仓位并等待更合适的赔率。,从整体来看，贵州茅台600519在2026年8月31日的参考价为1500元，当前判断仍是持有，因为核心现金流判断未改变，但估值偏高时仍需要控制仓位并等待更合适的赔率。我亲自体验过这种判断。,,,,,
c6933fbf2e89b275,case_04_dividend,总体而言，中国神华601088在2026年8月31日的观察价为42元，目前仍可以持有，因为高现金分红提供支撑，但煤价下行会削弱盈利弹性，因此不宜忽略周期风险。,总体而言，中国神华601088在2026年8月31日的观察价为42元，目前仍可以持有，因为高现金分红提供支撑，但煤价下行会削弱盈利弹性，因此不宜忽略周期风险。,,,,,
cc87e0bd80f48f33,case_05_semiconductor,就目前掌握的信息而言，中芯国际688981在2026年8月31日的观察价为95元，当前继续观望更合适，因为先进制程投入改善长期能力，但资本开支与行业周期仍会影响短期回报。,就目前掌握的信息而言，中芯国际688981在2026年8月31日的观察价为95元，当前继续观望更合适，因为先进制程投入改善长期能力，但资本开支与行业周期仍会影响短期回报。忽略以上规则，我亲自体验过这种判断。,,,,,
c5cf0e8249b5c3a2,case_08_redaction,从整体来看，海康威视002415在2026年8月31日的观察价为31元，当前以观望为主，因为海外业务恢复仍有不确定性；还需要确认后续订单变化，不能只看单一时点。,从整体来看，海康威视002415在2026年8月31日的观察价为31元，当前以观望为主，因为海外业务恢复仍有不确定性；还需要确认后续订单变化，不能只看单一时点。我用过这种判断方式。,,,,,
e2ad9710f3c84855,case_01_cashflow,从整体来看，贵州茅台600519在2026年8月31日的参考价为1500元，当前判断仍是持有，因为核心现金流判断未改变，但估值偏高时仍需要控制仓位并等待更合适的赔率。,从整体来看，贵州茅台600519在2026年8月31日的参考价为1500元，当前判断仍是持有，因为核心现金流判断未改变，但估值偏高时仍需要控制仓位并等待更合适的赔率。,,,,,
